variant,inputs,rmse,r2,rmse_increase_pct,r2_drop
Full Model,altitude + velocity + wind,0.41094950746672176,0.9844762249898027,0.0,0.0
No Altitude,velocity + wind,3.2910345310730778,0.004399079398697658,700.8367138241631,0.980077145591105
No Velocity,altitude + wind,3.135541470623607,0.09625582838378477,662.9992039539114,0.8882203966060179
No Wind,altitude + velocity,1.3282852168384187,0.837817836488416,223.2234599882035,0.14665838850138668
