variant,inputs,rmse,r2,rmse_increase_pct,r2_drop
Full Model,altitude + velocity + wind,0.18638638388860956,0.9986917081453814,0.0,0.0
No Altitude,velocity + wind,4.079777605872197,0.37317075304881053,2088.881784578428,0.6255209550965709
No Velocity,altitude + wind,1.522456047725207,0.9127097374622303,716.8279334369591,0.08598197068315117
No Wind,altitude + velocity,2.5367430242158404,0.7576577019362398,1261.0130586212128,0.24103400620914162
